City_ID,City,Country,Date,Lat,Lng,Max Temp,Humidity,Cloudiness,Wind Speed
0,Mataura,NZ,01/02/2022 18:59,-46.1927,168.8643,66.47,69,100,5.59
1,Hilo,US,01/02/2022 18:59,19.7297,-155.09,75.61,96,47,3
2,Svetlogorsk,BY,01/02/2022 18:59,52.6333,29.7333,22.69,94,100,8.55
3,Tuktoyaktuk,CA,01/02/2022 18:59,69.4541,-133.0374,-22,76,20,4.61
4,Ariquemes,BR,01/02/2022 18:59,-9.9133,-63.0408,84.69,67,88,2.89
5,Punta Arenas,CL,01/02/2022 18:57,-53.15,-70.9167,53.62,50,40,39.12
6,Kurri Kurri,AU,01/02/2022 18:59,-32.8167,151.4833,74.89,95,100,6.33
7,Qaanaaq,GL,01/02/2022 18:59,77.484,-69.3632,-17.55,79,100,10.29
8,Rikitea,PF,01/02/2022 18:59,-23.1203,-134.9692,78.04,70,100,7.25
9,Busselton,AU,01/02/2022 18:59,-33.65,115.3333,61.05,66,54,17.74
10,Saint Anthony,US,01/02/2022 18:59,45.0205,-93.218,19.92,65,75,7
11,Bethel,US,01/02/2022 18:59,41.3712,-73.414,36.64,62,49,1.99
12,Amahai,ID,01/02/2022 18:59,-3.3333,128.9167,78.06,81,99,6.53
13,Ilulissat,GL,01/02/2022 18:59,69.2167,-51.1,-3.32,78,100,4.74
14,Thinadhoo,MV,01/02/2022 18:59,0.5333,72.9333,83.28,72,26,14.05
15,Calceta,EC,01/02/2022 18:59,-0.85,-80.1667,82.31,64,100,5.61
16,Port Alfred,ZA,01/02/2022 18:59,-33.5906,26.891,77.11,83,100,9.31
17,Jamestown,US,01/02/2022 18:59,42.097,-79.2353,38.95,88,100,15.32
18,Nanortalik,GL,01/02/2022 18:59,60.1432,-45.2371,10.83,78,12,12.21
19,Bluff,NZ,01/02/2022 18:59,-46.6,168.3333,66.79,80,100,9.31
20,Hobart,AU,01/02/2022 18:59,-42.8794,147.3294,51.66,60,8,1.01
21,Chuy,UY,01/02/2022 18:59,-33.6971,-53.4616,75.25,40,0,7.38
22,Sampit,ID,01/02/2022 18:59,-2.5333,112.95,72.93,98,19,1.92
23,Ushuaia,AR,01/02/2022 18:59,-54.8,-68.3,47.82,87,100,33.38
24,Seymchan,RU,01/02/2022 18:59,62.8833,152.4333,-9.08,88,100,5.53
25,Pevek,RU,01/02/2022 18:59,69.7008,170.3133,-13.14,89,97,2.8
26,Yellowknife,CA,01/02/2022 18:55,62.456,-114.3525,-21.59,73,0,11.5
27,Grajau,BR,01/02/2022 18:59,-5.8194,-46.1386,85.08,72,44,1.63
28,Gornopravdinsk,RU,01/02/2022 18:59,60.05,69.9,1.92,99,87,3.74
29,Half Moon Bay,US,01/02/2022 18:59,37.4636,-122.4286,58.21,35,0,3
30,Puerto Ayora,EC,01/02/2022 18:59,-0.7393,-90.3518,84.16,86,90,5.01
31,Qaqortoq,GL,01/02/2022 18:55,60.7167,-46.0333,2.41,96,19,3.13
32,Thompson,CA,01/02/2022 18:59,55.7435,-97.8558,-18.24,69,75,9.22
33,Vestmannaeyjar,IS,01/02/2022 18:58,63.4427,-20.2734,37.67,73,100,20.24
34,Caravelas,BR,01/02/2022 18:59,-17.7125,-39.2481,84.47,66,100,10.36
35,Juegang,CN,01/02/2022 18:59,32.3174,121.1855,40.98,70,100,6.78
36,Albany,US,01/02/2022 18:59,42.6001,-73.9662,36.81,48,24,3
37,Ostersund,SE,01/02/2022 18:59,63.1792,14.6357,10.85,92,100,2.3
38,Mecca,SA,01/02/2022 18:59,21.4267,39.8261,68.74,40,2,5.84
39,Manokwari,ID,01/02/2022 18:59,-0.8667,134.0833,77.52,81,100,5.28
40,Tiksi,RU,01/02/2022 18:59,71.6872,128.8694,-15.63,100,100,3.4
41,Saint George,US,01/02/2022 18:59,37.1041,-113.5841,51.64,26,9,4
42,Vanavara,RU,01/02/2022 18:59,60.34,102.2797,-6.7,100,100,3.2
43,Vaini,TO,01/02/2022 18:59,-21.2,-175.2,77.16,88,40,2.3
44,Margate,GB,01/02/2022 18:59,51.3813,1.3862,54.75,68,100,13
45,Sitka,US,01/02/2022 19:00,57.0531,-135.33,28.87,83,100,7.27
46,Veraval,IN,01/02/2022 19:00,20.9,70.3667,70.61,79,0,7.7
47,Vila Franca Do Campo,PT,01/02/2022 19:00,37.7167,-25.4333,62.2,75,92,10.09
48,Suhbaatar,MN,01/02/2022 19:00,50.2314,106.2078,-11.04,98,100,2.91
49,Bowen,AU,01/02/2022 19:00,-20.0167,148.2333,78.71,82,100,3.69
50,Sola,VU,01/02/2022 19:00,-13.8833,167.55,80.83,79,99,14.99
51,Hamada,JP,01/02/2022 19:00,34.8833,132.0833,36,65,52,6.6
52,Kavaratti,IN,01/02/2022 19:00,10.5669,72.642,80.24,70,5,7.94
53,Khatanga,RU,01/02/2022 19:00,71.9667,102.5,-35.68,100,21,2.84
54,Avarua,CK,01/02/2022 19:00,-21.2078,-159.775,80.65,78,100,10.36
55,Cabo San Lucas,MX,01/02/2022 18:56,22.8909,-109.9124,80.51,59,0,1.99
56,Atuona,PF,01/02/2022 19:00,-9.8,-139.0333,78.42,77,25,23.22
57,Zyryanka,RU,01/02/2022 19:00,65.75,150.85,-10.26,93,100,12.68
58,Barrow,US,01/02/2022 19:00,71.2906,-156.7887,-16.58,76,40,5.75
59,Sao Joao Da Barra,BR,01/02/2022 19:00,-21.6403,-41.0511,81.77,78,95,6.02
60,Normandin,CA,01/02/2022 19:00,48.8333,-72.5321,10.58,92,100,8.01
61,Dakoro,NE,01/02/2022 19:00,14.5106,6.765,64.96,12,3,8.95
62,Cape Town,ZA,01/02/2022 19:00,-33.9258,18.4232,72.12,72,48,6.69
63,Bonfim,BR,01/02/2022 19:00,3.0833,-59.95,93.36,36,89,4.7
64,Okha,RU,01/02/2022 19:00,53.5739,142.9478,3,91,93,21.09
65,Cherskiy,RU,01/02/2022 19:00,68.75,161.3,-8.36,79,91,3.87
66,Nampula,MZ,01/02/2022 19:00,-15.1165,39.2666,70.52,93,0,3.47
67,Dunedin,NZ,01/02/2022 19:00,-45.8742,170.5036,64.15,75,100,10.58
68,Mumbwa,ZM,01/02/2022 19:00,-14.9783,27.0619,65.26,96,86,1.7
69,Cidreira,BR,01/02/2022 19:00,-30.1811,-50.2056,75.52,64,20,9.82
70,Zwettl,AT,01/02/2022 19:00,48.6,15.1667,35.74,86,94,23.11
71,Rio Gallegos,AR,01/02/2022 18:58,-51.6226,-69.2181,59.05,29,75,40.29
72,Port Hawkesbury,CA,01/02/2022 19:00,45.6169,-61.3485,25.18,73,96,7
73,Tautira,PF,01/02/2022 19:00,-17.7333,-149.15,84.22,78,25,20.15
74,Cap Malheureux,MU,01/02/2022 19:00,-19.9842,57.6142,80.47,82,100,11.01
75,Provideniya,RU,01/02/2022 19:00,64.3833,-173.3,7.47,69,6,23.29
76,La Orilla,MX,01/02/2022 19:01,17.9833,-102.2333,81.19,58,1,8.93
77,Abalak,RU,01/02/2022 19:01,58.1286,68.5944,7.97,98,96,5.03
78,Tasiilaq,GL,01/02/2022 19:01,65.6145,-37.6368,1.99,70,100,5.93
79,Turinsk,RU,01/02/2022 19:01,58.0458,63.696,17.04,91,100,8.57
80,Lebu,CL,01/02/2022 19:01,-37.6167,-73.65,65.59,70,0,12.44
81,Senaki,GE,01/02/2022 19:01,42.2704,42.0675,44.69,72,100,10.45
82,Gladstone,AU,01/02/2022 19:01,-23.85,151.25,80.53,83,75,5.75
83,Richards Bay,ZA,01/02/2022 19:01,-28.783,32.0377,77.97,79,100,12.44
84,Codrington,AU,01/02/2022 19:01,-38.2667,141.9667,57.18,52,88,15.08
85,Mitsamiouli,KM,01/02/2022 19:01,-11.3847,43.2844,82.22,73,100,2.59
86,Hay River,CA,01/02/2022 19:01,60.8156,-115.7999,-13.4,95,90,9.15
87,Puerto Carreno,CO,01/02/2022 19:01,6.189,-67.4859,99.7,25,73,8.95
88,Saint-Augustin,CA,01/02/2022 18:58,51.226,-58.6502,4.3,76,2,13.58
89,Carnarvon,AU,01/02/2022 19:01,-24.8667,113.6333,77.38,75,100,10.27
90,Constitucion,CL,01/02/2022 19:00,-35.3333,-72.4167,68.13,62,7,7.63
91,Esperance,AU,01/02/2022 19:01,-33.8667,121.9,62.67,66,89,17.31
92,Port Hardy,CA,01/02/2022 19:01,50.6996,-127.4199,39.76,79,100,5.1
93,Yumen,CN,01/02/2022 19:02,40.2833,97.2,18.3,28,12,3.06
94,Sangar,RU,01/02/2022 19:02,63.9242,127.4739,-30.1,98,100,2.77
95,Pokhara,NP,01/02/2022 19:02,28.2333,83.9833,48.27,69,23,5.01
96,Longyearbyen,SJ,01/02/2022 19:02,78.2186,15.6401,21.04,68,40,4.61
97,Kenai,US,01/02/2022 19:02,60.5544,-151.2583,19.15,78,100,24.16
98,Ribeira Grande,PT,01/02/2022 19:02,38.5167,-28.7,61.2,77,20,23.02
99,Faanui,PF,01/02/2022 19:02,-16.4833,-151.75,81,75,4,18.81
100,Montepuez,MZ,01/02/2022 19:02,-13.1256,38.9997,71.4,89,63,3.67
101,Bredasdorp,ZA,01/02/2022 19:02,-34.5322,20.0403,69.28,73,1,2.86
102,Bengkulu,ID,01/02/2022 19:02,-3.8004,102.2655,73.27,87,100,7.54
103,Russell,US,01/02/2022 18:59,32.3502,-85.1999,67.12,35,2,10.42
104,Camabatela,AO,01/02/2022 19:02,-8.1881,15.375,64.06,95,98,3.02
105,Canaway,PH,01/02/2022 19:02,13.3185,123.7131,73.87,91,100,10.25
106,Saint-Louis,SN,01/02/2022 19:02,16.3333,-15,88.05,9,38,10.78
107,Warrington,GB,01/02/2022 19:02,53.3925,-2.5802,53.49,84,75,7
108,Nikolskoye,RU,01/02/2022 19:02,59.7035,30.7861,26.49,99,100,2.42
109,Asyut,EG,01/02/2022 19:02,27.181,31.1837,54.64,44,0,2.44
110,Harboore,DK,01/02/2022 19:02,56.6175,8.1807,43.36,81,43,33.17
111,Sonqor,IR,01/02/2022 19:02,34.7837,47.6004,24.87,91,6,1.99
112,Atasu,KZ,01/02/2022 19:02,48.6814,71.6433,4.42,88,92,6.4
113,Kapaa,US,01/02/2022 19:02,22.0752,-159.319,71.92,99,40,3.44
114,Sterling,US,01/02/2022 19:02,39.0062,-77.4286,43.59,51,0,3
115,Lompoc,US,01/02/2022 19:02,34.6391,-120.4579,65.12,52,0,11.5
116,Carndonagh,IE,01/02/2022 19:02,55.25,-7.2667,47.82,92,100,16.11
117,Airai,TL,01/02/2022 19:02,-8.9266,125.4092,59.61,84,89,3.53
118,Bonthe,SL,01/02/2022 19:02,7.5264,-12.505,80.04,79,85,12.82
119,Manhumirim,BR,01/02/2022 18:58,-20.3578,-41.9581,81.32,73,73,3.4
120,Prieska,ZA,01/02/2022 19:02,-29.6641,22.7474,70.11,85,100,7.99
121,Adrar,MR,01/02/2022 19:02,20.5022,-10.0711,77.68,13,93,11.72
122,Laguna,US,01/02/2022 19:01,38.421,-121.4238,60.62,35,0,8.01
123,Port Hedland,AU,01/02/2022 19:02,-20.3167,118.5667,80.65,94,100,2.3
124,Semporna,MY,01/02/2022 19:02,4.4818,118.6112,77.61,88,75,6.17
125,Lata,PT,01/02/2022 19:02,40.1629,-8.3327,57.04,66,0,5.59
126,Kushmurun,KZ,01/02/2022 19:02,52.4503,64.6311,11.73,91,100,9.04
127,Mahebourg,MU,01/02/2022 19:02,-20.4081,57.7,80.26,90,100,29.19
128,Mae Sot,TH,01/02/2022 19:02,16.7167,98.5667,59.23,67,90,0.74
129,Asau,RO,01/02/2022 19:02,46.4333,26.4,33.96,73,100,1.59
130,Talnakh,RU,01/02/2022 19:02,69.4865,88.3972,5.67,96,100,9.24
131,Luderitz,NA,01/02/2022 19:02,-26.6481,15.1594,66.06,85,47,9.06
132,Klaksvik,FO,01/02/2022 19:02,62.2266,-6.589,32.92,79,100,15.39
133,Yulara,AU,01/02/2022 19:02,-25.2406,130.9889,67.84,100,100,11.5
134,Arraial Do Cabo,BR,01/02/2022 19:02,-22.9661,-42.0278,78.85,83,59,13.65
135,Sarangani,PH,01/02/2022 19:02,5.4033,125.4636,82.42,69,100,16.06
136,Hithadhoo,MV,01/02/2022 19:03,-0.6,73.0833,82.69,72,8,11.95
137,Norman Wells,CA,01/02/2022 19:03,65.282,-126.8329,-14.91,99,93,3.02
138,Lazarev,RU,01/02/2022 19:01,52.225,141.5131,0.3,90,99,6.73
139,Qui Nhon,VN,01/02/2022 19:02,13.7667,109.2333,71.98,88,99,9.69
140,Dikson,RU,01/02/2022 19:03,73.5069,80.5464,3.52,93,100,19.13
141,Skjervoy,NO,01/02/2022 18:59,70.0311,20.9714,28.58,45,90,11.5
142,Saskylakh,RU,01/02/2022 19:03,71.9167,114.0833,-28.21,100,52,2.06
143,Hermanus,ZA,01/02/2022 19:03,-34.4187,19.2345,71.91,85,21,1.01
144,Petropavlovsk-Kamchatskiy,RU,01/02/2022 19:03,53.0452,158.6483,28.99,80,75,29.08
145,Georgetown,MY,01/02/2022 19:01,5.4112,100.3354,82.89,81,20,0
146,Paka,MY,01/02/2022 19:03,4.6374,103.4368,75.69,89,91,2.89
147,Alice Springs,AU,01/02/2022 19:03,-23.7,133.8833,72.95,100,75,8.05
148,East London,ZA,01/02/2022 19:03,-33.0153,27.9116,76.3,89,100,10.51
149,Emerald,AU,01/02/2022 19:03,-23.5333,148.1667,83.34,64,100,7.45
150,Domoni,KM,01/02/2022 19:03,-12.2569,44.5319,79.81,83,100,2.55
151,Acajutla,SV,01/02/2022 19:03,13.5928,-89.8275,90.81,56,0,10.04
152,Paamiut,GL,01/02/2022 19:03,61.994,-49.6678,16.02,74,100,14.97
153,Beringovskiy,RU,01/02/2022 19:03,63.05,179.3167,-2.18,87,100,13.67
154,Blythe,US,01/02/2022 19:03,33.6103,-114.5964,66.04,16,0,3.44
155,Bayshore Gardens,US,01/02/2022 19:03,27.4253,-82.5904,76.06,40,0,11.5
156,Lasa,IT,01/02/2022 19:03,46.6166,10.7002,40.91,94,100,8.03
157,Kudahuvadhoo,MV,01/02/2022 19:03,2.6708,72.8944,82.89,77,9,16.4
158,Evanston,US,01/02/2022 19:00,42.0411,-87.6901,47.14,71,100,8.01
159,Batemans Bay,AU,01/02/2022 19:03,-35.7167,150.1833,74.19,91,100,6.46
160,Naze,JP,01/02/2022 19:03,28.3667,129.4833,55.81,70,100,10.58
161,Mayumba,GA,01/02/2022 19:03,-3.432,10.6554,78.57,88,69,4.9
162,Bahar,IR,01/02/2022 19:03,34.9072,48.4414,27.84,86,11,3.74
163,New Norfolk,AU,01/02/2022 19:03,-42.7826,147.0587,51.3,55,8,1.01
164,Hasaki,JP,01/02/2022 19:03,35.7333,140.8333,30.6,51,0,18.52
165,Acapulco,MX,01/02/2022 18:59,16.8634,-99.8901,82.65,56,0,9.13
166,Muros,ES,01/02/2022 19:03,42.7762,-9.0603,56.08,69,0,14.03
167,Xinmin,CN,01/02/2022 19:03,41.9908,122.8253,-1.95,55,0,5.59
168,Leczna,PL,01/02/2022 19:03,51.3012,22.8814,32.31,100,100,14.97
169,Freeport,US,01/02/2022 19:00,40.6576,-73.5832,38.07,61,0,4
170,Plover,US,01/02/2022 19:03,44.4564,-89.544,40.05,51,75,9.22
171,Mount Gambier,AU,01/02/2022 19:03,-37.8333,140.7667,50.68,65,1,6.46
172,Altamont,US,01/02/2022 19:03,42.2068,-121.7372,33.76,60,0,1.01
173,Saint-Francois,FR,01/02/2022 19:03,46.4154,3.9054,42.67,97,100,10.04
174,Leningradskiy,RU,01/02/2022 19:03,69.3833,178.4167,-11.45,94,43,11.77
175,Providencia,MX,01/02/2022 19:03,28.7167,-111.5833,70.21,35,100,10.33
176,Butaritari,KI,01/02/2022 19:03,3.0707,172.7902,81.43,75,95,10.83
177,Geraldton,AU,01/02/2022 19:03,-28.7667,114.6,84.61,26,8,17.27
178,Sandovo,RU,01/02/2022 19:03,58.4602,36.4128,19.9,98,100,3.65
179,Zhangye,CN,01/02/2022 19:03,38.9342,100.4517,19.35,29,58,4
180,Kostomuksha,RU,01/02/2022 19:03,64.571,30.5767,13.69,94,100,8.23
181,Upernavik,GL,01/02/2022 19:00,72.7868,-56.1549,-16.47,75,100,6.44
182,Ambanja,MG,01/02/2022 19:03,-13.6833,48.45,76.06,92,100,2.8
183,Souillac,MU,01/02/2022 19:04,-20.5167,57.5167,80.37,93,100,27.4
184,Bara,NG,01/02/2022 19:04,10.3744,10.7288,70.83,19,0,8.59
185,Iqaluit,CA,01/02/2022 19:04,63.7506,-68.5145,-20.31,75,100,0
186,Lexington,US,01/02/2022 19:03,37.9887,-84.4777,60.24,36,0,19.57
187,Kotma,IN,01/02/2022 19:04,23.2,81.9667,57.61,40,1,3.78
188,Vanimo,PG,01/02/2022 19:04,-2.6741,141.3028,76.37,85,100,5.93
189,Severo-Kurilsk,RU,01/02/2022 19:04,50.6789,156.125,26.55,79,79,9.46
190,Kristiansund,NO,01/02/2022 19:04,63.1115,7.732,30.85,74,0,4.61
191,Kodiak,US,01/02/2022 19:04,57.79,-152.4072,38.71,93,100,18.41
192,Marzuq,YE,01/02/2022 19:04,14.4,46.4667,65.21,75,33,5.19
193,Aykhal,RU,01/02/2022 19:04,66,111.5,-23.57,100,9,3.22
194,College,US,01/02/2022 19:04,64.8569,-147.8028,-0.74,73,20,3.44
195,Bubaque,GW,01/02/2022 19:04,11.2833,-15.8333,79.16,74,6,12.64
196,Guerrero Negro,MX,01/02/2022 19:04,27.9769,-114.0611,63.41,61,100,12.73
197,Cairns,AU,01/02/2022 19:00,-16.9167,145.7667,79.07,97,90,4.61
198,Katsuura,JP,01/02/2022 19:03,35.1333,140.3,39.31,45,78,14.25
199,Rocha,UY,01/02/2022 19:04,-34.4833,-54.3333,78.94,34,0,1.57
200,Loreto,MX,01/02/2022 19:02,22.2667,-101.9667,69.37,10,0,14.18
201,Coihaique,CL,01/02/2022 19:04,-45.5752,-72.0662,68.61,40,75,11.5
202,Mhasla,IN,01/02/2022 19:04,18.1333,73.1167,69.1,69,4,4.94
203,Takoradi,GH,01/02/2022 19:04,4.8845,-1.7554,80.69,79,12,10.13
204,Zomin,UZ,01/02/2022 19:04,39.9606,68.3958,39.43,45,100,2.95
205,Namibe,AO,01/02/2022 19:04,-15.1961,12.1522,73.92,69,2,12.39
206,Kahului,US,01/02/2022 19:04,20.8947,-156.47,78.82,70,20,13.8
207,Darhan,MN,01/02/2022 19:04,49.4867,105.9228,-12.12,96,78,4.94
208,Salym,RU,01/02/2022 19:04,60.0625,71.4789,1.27,98,97,2.59
209,Kande,TG,01/02/2022 19:04,9.9578,1.0447,77.92,12,0,5.41
210,Yairipok,IN,01/02/2022 19:04,24.6667,94.0667,47.66,92,90,1.99
211,Kaitangata,NZ,01/02/2022 19:04,-46.2817,169.8464,60.1,93,100,4.54
212,Touros,BR,01/02/2022 19:04,-5.1989,-35.4608,86.9,66,16,13.44
213,Victoria,HK,01/02/2022 19:00,22.2855,114.1577,61.95,91,100,1.01
214,Kedrovyy,RU,01/02/2022 19:04,56.1667,91.8167,-6.14,94,100,3.6
215,Ketchikan,US,01/02/2022 19:00,55.3422,-131.6461,31.08,84,100,3.74
216,Arlit,NE,01/02/2022 19:04,18.7369,7.3853,65.73,10,3,6.35
217,Krompachy,SK,01/02/2022 19:04,48.9145,20.8751,30.49,90,69,2.93
218,Port Elizabeth,ZA,01/02/2022 19:00,-33.918,25.5701,78.1,77,100,4.92
219,Jasdan,IN,01/02/2022 19:04,22.0333,71.2,70.21,43,4,5.82
220,Ponta Do Sol,PT,01/02/2022 19:05,32.6667,-17.1,66.83,72,1,11.25
221,Marsa Matruh,EG,01/02/2022 19:05,31.3525,27.2453,56.34,58,3,14.43
222,Nouadhibou,MR,01/02/2022 19:05,20.931,-17.0347,66.31,81,100,15.66
223,Omboue,GA,01/02/2022 19:05,-1.5746,9.2618,78.8,86,59,7.02
224,Mbandaka,CD,01/02/2022 19:05,0.0487,18.2603,77.7,38,15,3.31
225,Alofi,NU,01/02/2022 19:05,-19.0595,-169.9187,78.96,70,0,3.24
226,Curaca,BR,01/02/2022 19:05,-8.9903,-39.9094,94.57,27,0,11.88
227,Labuhan,ID,01/02/2022 19:03,-6.8844,112.2051,77.41,88,97,5.32
228,Jalu,LY,01/02/2022 19:06,29.0331,21.5482,59.27,34,100,11.25
229,Ashtabula,US,01/02/2022 19:02,41.7001,-80.7665,48.9,42,0,16.11
230,Sydney,AU,01/02/2022 19:03,-33.8679,151.2073,73.11,92,75,15.01
231,Mtimbira,TZ,01/02/2022 19:06,-8.7833,36.35,72.61,95,35,3.13
232,Tete,MZ,01/02/2022 19:06,-16.1564,33.5867,82.49,74,20,3.44
233,Algiers,DZ,01/02/2022 19:02,36.7525,3.042,49.82,76,40,3.44
234,Castro,BR,01/02/2022 19:06,-24.7911,-50.0119,79.14,56,3,4.61
235,Naryan-Mar,RU,01/02/2022 19:06,67.6713,53.087,-9.6,100,100,4.85
236,Flinders,AU,01/02/2022 19:06,-34.5833,150.8552,72.18,89,100,7
237,Hamilton,US,01/02/2022 19:03,39.1834,-84.5333,58.41,56,100,8.39
238,Zhanaozen,KZ,01/02/2022 19:06,43.3,52.8,40.26,58,4,9.55
239,Mar Del Plata,AR,01/02/2022 19:05,-38.0023,-57.5575,84.87,44,0,15.01
240,Ancud,CL,01/02/2022 19:01,-41.8697,-73.8203,67.23,78,100,9.15
241,Coahuayana,MX,01/02/2022 19:06,18.7333,-103.6833,85.48,38,0,6.51
242,Goderich,CA,01/02/2022 19:06,43.7501,-81.7165,39.9,79,100,24.63
243,Traverse City,US,01/02/2022 19:04,44.7631,-85.6206,46.51,53,20,18.41
244,Fort Nelson,CA,01/02/2022 19:06,58.8053,-122.7002,-17.01,76,75,9.22
245,Honningsvag,NO,01/02/2022 19:06,70.9821,25.9704,22.75,54,0,19.57
246,Catalina,US,01/02/2022 19:01,32.5056,-110.9211,64.22,26,100,3
247,Saint-Philippe,RE,01/02/2022 19:06,-21.3585,55.7679,80.15,93,89,21.85
248,Dibulla,CO,01/02/2022 19:06,11.2725,-73.3091,85.1,61,5,11.45
249,Navahrudak,BY,01/02/2022 19:06,53.6,25.8333,21.72,91,100,9.31
250,Isangel,VU,01/02/2022 19:06,-19.55,169.2667,77.61,83,100,3.38
251,Santa Cruz,BO,01/02/2022 19:06,-17.8,-63.1667,89.06,55,40,4.61
252,Kachiry,KZ,01/02/2022 19:06,53.0675,76.1036,19.24,96,100,6.89
253,Faya,SA,01/02/2022 19:06,18.3851,42.4509,55.92,73,6,4.61
254,Vao,NC,01/02/2022 19:06,-22.6667,167.4833,77.38,83,26,14.14
255,Chokurdakh,RU,01/02/2022 19:06,70.6333,147.9167,-21.51,98,100,1.59
256,Timrat,IL,01/02/2022 19:06,32.7036,35.2267,50.29,86,6,6.38
257,Neuquen,AR,01/02/2022 19:01,-38.9516,-68.0591,93.74,12,42,12.57
258,San Quintin,MX,01/02/2022 19:06,30.4833,-115.95,60.75,67,20,8.59
259,Port Lincoln,AU,01/02/2022 19:06,-34.7333,135.8667,59.79,59,22,17.02
260,Port Macquarie,AU,01/02/2022 19:03,-31.4333,152.9167,75.88,85,100,8.01
261,Pangkalanbuun,ID,01/02/2022 19:06,-2.6833,111.6167,73.6,97,63,1.19
262,Watsa,CD,01/02/2022 19:06,3.0372,29.5355,75.74,31,100,1.66
263,Yokadouma,CM,01/02/2022 19:06,3.5167,15.05,75.38,27,82,1.36
264,Concepcion Del Uruguay,AR,01/02/2022 19:06,-32.4825,-58.2372,91.81,39,5,1.99
265,Durban,ZA,01/02/2022 19:06,-29.8579,31.0292,78.93,89,100,3
266,Yebaishou,CN,01/02/2022 19:06,41.3975,119.6408,5.05,81,0,4.07
267,Bereda,ES,01/02/2022 19:06,43.2686,-7.5406,48.92,94,1,5.06
268,Qom,IR,01/02/2022 19:06,34.6401,50.8764,42.53,67,0,7.34
269,Mogadishu,SO,01/02/2022 19:06,2.0371,45.3438,78.6,86,100,19.62
270,Ginda,IN,01/02/2022 19:06,30.6945,78.4932,38.01,33,0,6.13
271,Tutin,RS,01/02/2022 19:07,42.9903,20.3314,20.41,97,100,4.25
272,Hobyo,SO,01/02/2022 19:07,5.3505,48.5268,78.08,85,100,18.52
273,Zyryanovsk,KZ,01/02/2022 19:07,49.7386,84.2719,-10.23,99,93,1.7
274,Vaitape,PF,01/02/2022 19:07,-16.5167,-151.75,80.96,75,4,18.79
275,Middlebury,US,01/02/2022 19:07,44.0153,-73.1673,34.99,48,0,1.99
276,Uarini,BR,01/02/2022 19:07,-2.99,-65.1083,83.39,80,63,3.83
277,Bambanglipuro,ID,01/02/2022 19:07,-7.95,110.2833,62.6,87,94,4.54
278,Voh,NC,01/02/2022 19:07,-20.9667,164.7,75.02,91,42,3.98
279,Launceston,AU,01/02/2022 19:07,-41.45,147.1667,47.84,66,13,10.36
280,Sesheke,ZM,01/02/2022 19:07,-17.4759,24.2968,66.56,88,12,1.72
281,Preobrazheniye,RU,01/02/2022 19:07,42.9019,133.9064,13.46,66,1,8.59
282,Sao Gabriel Da Cachoeira,BR,01/02/2022 19:07,-0.1303,-67.0892,84.51,66,100,2.06
283,Anshun,CN,01/02/2022 19:07,26.25,105.9333,30.27,90,100,8.66
284,Portland,US,01/02/2022 19:02,45.5234,-122.6762,42.84,91,100,1.01
285,Saint-Georges,GD,01/02/2022 19:07,12.0564,-61.7485,80.42,70,1,13.8
286,Temnikov,RU,01/02/2022 19:07,54.6302,43.2148,27.84,95,100,11.3
287,Tulsipur,NP,01/02/2022 19:07,28.131,82.2973,48.79,72,0,4.65
288,Bambous Virieux,MU,01/02/2022 19:07,-20.3428,57.7575,80.22,91,100,29.19
289,Juigalpa,NI,01/02/2022 19:07,12.1063,-85.3645,90.59,36,4,12.64
290,Gerash,IR,01/02/2022 19:07,27.6652,54.1371,56.7,61,0,6.64
291,Sidi Ali,DZ,01/02/2022 19:07,36.0998,0.4206,48.99,72,0,4.92
292,Pochutla,MX,01/02/2022 19:07,15.7432,-96.4661,87.82,38,2,12.12
293,Roald,NO,01/02/2022 19:07,62.5833,6.1333,37,100,75,1.14
294,Talakan,RU,01/02/2022 19:07,50.3167,130.3667,-18.53,100,96,0.74
295,Camacupa,AO,01/02/2022 19:07,-12.0167,17.4833,65.89,74,89,5.46
296,Salalah,OM,01/02/2022 19:07,17.0151,54.0924,71.69,60,0,5.75
297,Porto Novo,BJ,01/02/2022 19:07,6.4965,2.6036,76.51,61,70,6.11
298,Gainesville,US,01/02/2022 19:04,29.6516,-82.3248,71.1,38,0,8.05
299,Itarema,BR,01/02/2022 19:05,-2.9248,-39.9167,83.97,68,100,15.97
300,Maniitsoq,GL,01/02/2022 19:07,65.4167,-52.9,9.95,86,100,11.72
301,Sharanga,RU,01/02/2022 19:07,57.1775,46.5396,27.32,96,100,10
302,Lorengau,PG,01/02/2022 19:07,-2.0226,147.2712,78.78,80,100,5.12
303,Meulaboh,ID,01/02/2022 19:07,4.1363,96.1285,75.45,91,95,6.24
304,Whitehorse,CA,01/02/2022 19:07,60.7161,-135.0538,-17.57,96,9,4.25
305,Houston,US,01/02/2022 19:04,29.7633,-95.3633,65.34,81,100,1.99
306,Cockburn Town,TC,01/02/2022 19:07,21.4612,-71.1419,75.2,75,0,19.8
307,Lufilufi,WS,01/02/2022 19:07,-13.8745,-171.5986,80.4,79,83,18.23
308,Alugan,PH,01/02/2022 19:07,12.2188,125.4808,77.58,85,100,9.17
309,Skibbereen,IE,01/02/2022 19:07,51.55,-9.2667,48,87,42,12.88
310,Hervey Bay,AU,01/02/2022 19:07,-25.2986,152.8535,77.11,79,100,12.39
311,Tres Lagoas,BR,01/02/2022 19:04,-20.7511,-51.6783,77.31,81,100,9.42
312,Black River,JM,01/02/2022 19:07,18.0264,-77.8487,81.99,62,29,13.04
313,Flin Flon,CA,01/02/2022 19:07,54.7682,-101.865,-8.9,82,100,12.84
314,Pangnirtung,CA,01/02/2022 19:07,66.1451,-65.7125,-27.06,87,32,5.77
315,Lamu,KE,01/02/2022 19:07,-2.2717,40.902,79.02,86,86,12.3
316,San Rafael,AR,01/02/2022 19:03,-34.6177,-68.3301,93.54,22,67,12.48
317,San Policarpo,PH,01/02/2022 19:04,12.1791,125.5072,78.13,84,100,9.57
318,Beipiao,CN,01/02/2022 19:07,41.7919,120.7792,1.29,85,6,3.44
319,Pisco,PE,01/02/2022 19:08,-13.7,-76.2167,78.85,57,0,14.97
320,Basco,PH,01/02/2022 19:08,20.4487,121.9702,73.09,76,100,17
321,Aklavik,CA,01/02/2022 19:08,68.2191,-135.0107,-7.37,99,100,4.12
322,Tuatapere,NZ,01/02/2022 19:08,-46.1333,167.6833,66.81,87,100,7.4
323,Mayo,US,01/02/2022 19:08,38.8876,-76.5119,44.56,61,0,3
324,Husavik,IS,01/02/2022 19:08,66.0449,-17.3389,11.25,79,34,13.31
325,Faridpur,BD,01/02/2022 19:08,23.6,89.8333,68,55,0,2.62
326,Yar-Sale,RU,01/02/2022 19:08,66.8333,70.8333,-16.82,99,69,6.22
327,Les Cayes,HT,01/02/2022 19:08,18.2,-73.75,81.39,64,20,11.14
328,Praia,CV,01/02/2022 19:08,14.9215,-23.5087,77.54,65,98,13.8
329,Nata,PA,01/02/2022 19:08,8.3333,-80.5167,87.46,38,1,14.07
330,Santo Domingo,DO,01/02/2022 19:05,18.5001,-69.9886,85.64,68,40,1.01
331,Deer Lake,CA,01/02/2022 19:05,49.1667,-57.4316,12.31,81,38,9.78
332,Nemuro,JP,01/02/2022 19:08,43.3236,145.575,23.38,72,12,17.58
333,Rawlins,US,01/02/2022 19:08,41.7911,-107.2387,23.22,42,0,9.98
334,Bathsheba,BB,01/02/2022 19:08,13.2167,-59.5167,84.81,61,40,14.97
335,North Bend,US,01/02/2022 19:05,43.4065,-124.2243,43.86,93,100,0
336,Hirara,JP,01/02/2022 19:08,24.8,125.2833,68.65,71,98,20.22
337,Zhuhai,CN,01/02/2022 19:06,22.2769,113.5678,61.7,94,40,12.66
338,Diu,IN,01/02/2022 19:08,20.7141,70.9822,68.16,79,0,8.12
339,Huilong,CN,01/02/2022 19:08,31.8111,121.655,41.04,71,100,6.76
340,Mount Isa,AU,01/02/2022 19:04,-20.7333,139.5,76.77,88,99,2.3
341,Sao Filipe,CV,01/02/2022 19:08,14.8961,-24.4956,76.17,70,100,5.88
342,Luganville,VU,01/02/2022 19:08,-15.5333,167.1667,77.72,86,97,3.42
343,Dolores,AR,01/02/2022 19:08,-36.3132,-57.6792,87.55,19,1,11.03
344,Verkh-Suetka,RU,01/02/2022 19:08,53.3,80.05,9.68,99,100,4.27
345,Togur,RU,01/02/2022 19:08,58.3631,82.8265,19.45,95,100,7.65
346,Solnechnyy,RU,01/02/2022 19:08,50.7214,136.6319,-3.32,99,100,1.88
347,Saldanha,ZA,01/02/2022 19:08,-33.0117,17.9442,65.89,95,22,8.34
348,Pimentel,PE,01/02/2022 19:08,-6.8367,-79.9342,80.89,54,0,19.57
349,Soyo,AO,01/02/2022 19:08,-6.1349,12.3689,79.07,86,6,10
350,Grand Gaube,MU,01/02/2022 19:08,-20.0064,57.6608,80.38,81,100,13
351,Henties Bay,NA,01/02/2022 19:08,-22.116,14.2845,69.85,77,1,4.5
352,Palmer,US,01/02/2022 19:08,42.1584,-72.3287,35.69,58,75,1.01
353,Kidal,ML,01/02/2022 19:07,18.4411,1.4078,71.83,9,13,7.14
354,Dingle,PH,01/02/2022 19:08,10.9995,122.6711,73.24,95,95,7.4
355,Tonota,BW,01/02/2022 19:08,-21.4833,27.4833,75.29,58,100,8.39
356,Seabra,BR,01/02/2022 19:04,-12.4186,-41.7703,81.84,52,15,7
357,Kruisfontein,ZA,01/02/2022 19:08,-34.0033,24.7314,74.88,73,99,3.76
358,Paoua,CF,01/02/2022 19:09,7.2427,16.4406,72.63,17,50,3.31
359,Voyvozh,RU,01/02/2022 19:09,62.892,54.9635,17.31,94,100,7.74
360,Gamba,GA,01/02/2022 19:09,-2.65,10,78.51,86,32,4.47
361,Gao,ML,01/02/2022 19:09,16.6362,1.637,69.22,10,52,10.56
362,Carutapera,BR,01/02/2022 19:09,-1.195,-46.02,80.71,83,97,8.84
363,Sobolevo,RU,01/02/2022 19:09,54.4299,31.8996,15.12,96,99,8.75
364,Makakilo City,US,01/02/2022 19:06,21.3469,-158.0858,75.61,69,40,4.61
365,Poum,NC,01/02/2022 19:09,-20.2333,164.0167,80.65,78,32,10.09
366,Chilca,PE,01/02/2022 19:09,-12.5211,-76.7372,75.36,78,100,7.07
367,Pontianak,ID,01/02/2022 19:10,-0.0333,109.3333,75.18,100,75,2.3
368,Shubarshi,KZ,01/02/2022 19:10,48.5872,57.1869,20.23,86,100,10.67
369,Chagoda,RU,01/02/2022 19:10,59.164,35.3285,17.83,98,100,3.02
370,Broome,US,01/02/2022 19:10,42.2506,-75.833,37.02,48,0,1.99
371,Tilichiki,RU,01/02/2022 19:10,60.4667,166.1,14.52,93,100,10.27
372,Ustek,CZ,01/02/2022 19:10,50.5847,14.3433,37.38,85,100,21.5
373,Kitob,UZ,01/02/2022 19:10,39.0843,66.8332,41.58,38,100,3.31
374,Ust-Omchug,RU,01/02/2022 19:07,61.15,149.6333,-14.53,98,89,5.75
375,Huarmey,PE,01/02/2022 19:10,-10.0681,-78.1522,76.05,70,100,11.3
376,Waxahachie,US,01/02/2022 19:09,32.3865,-96.8483,70.81,67,100,8.05
377,Ouango,CF,01/02/2022 19:10,4.3133,22.5552,79.83,36,42,1.07
378,Ayacucho,PE,01/02/2022 19:10,-13.1583,-74.2239,58.48,78,100,7.34
379,Port Blair,IN,01/02/2022 19:10,11.6667,92.75,75.29,72,5,4.21
380,Ust-Tsilma,RU,01/02/2022 19:10,65.441,52.1498,-0.72,99,96,4.72
381,Skovorodino,RU,01/02/2022 19:10,53.9833,123.9167,-14.85,97,50,3.71
382,Flic En Flac,MU,01/02/2022 19:10,-20.2742,57.3631,80.53,88,100,28.34
383,Staryy Nadym,RU,01/02/2022 19:10,65.6118,72.6842,-10.79,100,80,7.14
384,Zhuanghe,CN,01/02/2022 19:10,39.7008,122.9911,14.18,73,0,6.13
385,Baykit,RU,01/02/2022 19:10,61.67,96.37,-10.55,100,100,0.94
386,Mezen,RU,01/02/2022 19:10,65.8522,44.24,2.25,96,85,7.14
387,Tashtyp,RU,01/02/2022 19:10,52.7939,89.8983,0.41,100,97,0.83
388,Seoul,KR,01/02/2022 19:09,37.5683,126.9778,27.79,55,6,5.79
389,Pechenga,RU,01/02/2022 19:10,69.5259,31.1703,-8.54,99,98,1.79
390,Belize,BZ,01/02/2022 19:10,17.25,-88.75,80.24,62,89,6.67
391,Tiznit,MA,01/02/2022 19:10,29.5833,-9.5,66.83,34,100,3.53
392,Vicente Guerrero,MX,01/02/2022 19:10,19.1194,-98.1708,69.19,33,0,8.79
393,Magadi,IN,01/02/2022 19:10,12.9667,77.2333,66.54,59,0,6.29
394,Pyay,MM,01/02/2022 19:10,18.8167,95.2167,59.74,40,6,2.3
395,Padang,ID,01/02/2022 19:10,-0.9492,100.3543,76.14,89,100,4.76
396,Tessalit,ML,01/02/2022 19:09,20.1986,1.0114,71.6,14,100,8.9
397,Ossora,RU,01/02/2022 19:10,59.2353,163.0719,18,93,100,12.28
398,Ajdabiya,LY,01/02/2022 19:10,30.7554,20.2263,57.72,56,99,9.78
399,Jiexiu,CN,01/02/2022 19:10,37.0244,111.9125,24.22,59,0,4.32
400,Kholodnyy,RU,01/02/2022 19:10,62.7167,147.95,-1.46,97,100,4.16
401,Srednekolymsk,RU,01/02/2022 19:10,67.45,153.6833,-21.89,98,89,2.1
402,Clarksville,US,01/02/2022 19:09,36.5298,-87.3595,64.65,38,0,1.01
403,Poyarkovo,RU,01/02/2022 19:10,49.6,128.6833,-18,100,31,4.97
404,Prince Rupert,CA,01/02/2022 19:10,54.3161,-130.3201,33.76,85,100,3.94
405,Ipora,BR,01/02/2022 19:10,-16.4419,-51.1178,74.37,89,100,6.11
406,Raudeberg,NO,01/02/2022 19:10,61.9875,5.1352,36.27,88,100,4
407,Rio Grande,BR,01/02/2022 19:10,-32.035,-52.0986,80.94,50,0,11.99
408,Kampot,KH,01/02/2022 19:11,10.6167,104.1833,75.99,76,37,3.98
409,Fortuna,US,01/02/2022 19:09,40.5982,-124.1573,48.92,62,0,1.01
410,Araouane,ML,01/02/2022 19:11,18.9048,-3.5265,74.75,10,99,11.52
411,Tacuati,PY,01/02/2022 19:11,-23.45,-56.5833,102.31,19,68,4.03
412,Cooma,AU,01/02/2022 19:11,-36.2333,149.1333,49.77,100,100,13.8
413,Sioux Lookout,CA,01/02/2022 19:11,50.1001,-91.917,23.07,93,100,10.36
414,Boa Vista,BR,01/02/2022 19:11,2.8197,-60.6733,91.38,43,75,12.66
415,Swan Hill,AU,01/02/2022 19:08,-35.3378,143.5544,56.46,54,0,14.58
416,Nelson Bay,AU,01/02/2022 19:11,-32.7167,152.15,74.08,93,100,4.97
417,Oktyabrskiy,RU,01/02/2022 19:11,54.4815,53.471,29.62,92,100,13.27
418,Bodden Town,KY,01/02/2022 19:11,19.2833,-81.25,80.6,83,40,4
419,Okhotsk,RU,01/02/2022 19:11,59.3833,143.3,0.25,77,8,16.28
420,Deputatskiy,RU,01/02/2022 19:11,69.3,139.9,-12.95,99,100,0.65
421,Biasca,CH,01/02/2022 19:11,46.3597,8.9697,52.39,84,100,9.28
422,Formosa,AR,01/02/2022 19:11,-26.1775,-58.1781,102.18,21,20,5.75
423,Talitsa,RU,01/02/2022 19:11,56.8804,60.0213,19.94,93,100,3.56
424,Imeni Poliny Osipenko,RU,01/02/2022 19:11,52.4201,136.4853,-10.79,100,99,2.46
425,Temir,KZ,01/02/2022 19:11,49.1414,57.13,20.53,86,100,11.34
426,Lahij,YE,01/02/2022 19:11,13.1667,44.5833,73.04,71,19,4.38
427,Fairmount,US,01/02/2022 19:11,43.0473,-76.2385,37.47,44,75,5.99
428,Manta,EC,01/02/2022 19:10,-0.95,-80.7333,82.18,74,75,8.05
429,Westport,US,01/02/2022 19:10,41.1415,-73.3579,38.32,63,40,1.01
430,Basoko,CD,01/02/2022 19:11,1.2391,23.616,81.05,55,100,4.92
431,Chitral,PK,01/02/2022 19:11,35.8462,71.7858,28.83,39,0,6.58
432,Kalmunai,LK,01/02/2022 19:11,7.4167,81.8167,73.99,74,0,4.05
433,Verkhnevilyuysk,RU,01/02/2022 19:11,63.4453,120.3167,-29.11,99,95,5.03
434,Dudinka,RU,01/02/2022 19:11,69.4058,86.1778,4.62,93,100,14.38
435,Inuvik,CA,01/02/2022 19:11,68.3499,-133.7218,-7.26,99,100,4.81
436,Kavieng,PG,01/02/2022 19:11,-2.5744,150.7967,78.49,83,100,8.32
437,Lavrentiya,RU,01/02/2022 19:11,65.5833,-171,2.57,71,6,18.75
438,Chapais,CA,01/02/2022 19:11,49.7834,-74.8492,19.56,82,100,16.4
439,Mwene-Ditu,CD,01/02/2022 19:11,-7,23.45,66.79,95,100,1.68
440,Genhe,CN,01/02/2022 19:11,50.7833,121.5167,-9.94,100,100,2.51
441,Komsomolskiy,UZ,01/02/2022 19:11,40.4272,71.7189,31.42,45,100,4.34
442,Tefe,BR,01/02/2022 19:11,-3.3542,-64.7114,83.82,82,76,4
443,Biak,ID,01/02/2022 19:11,-0.9131,122.8766,77.11,77,100,4.79
444,Chabahar,IR,01/02/2022 19:11,25.2919,60.643,72.9,73,0,11.59
445,Garden City,US,01/02/2022 19:11,42.3256,-83.331,48.45,49,75,14.97
446,Mount Pleasant,US,01/02/2022 19:08,32.7941,-79.8626,63.3,57,0,1.01
447,Praia Da Vitoria,PT,01/02/2022 19:11,38.7333,-27.0667,60.76,79,63,13.24
448,Nevel,RU,01/02/2022 19:11,56.0209,29.9284,20.14,95,100,6.46
449,Hami,CN,01/02/2022 19:11,42.8,93.45,22.48,33,65,2.06
450,Narsaq,GL,01/02/2022 19:11,60.9167,-46.05,19.62,91,64,3.02
451,Bydgoszcz,PL,01/02/2022 19:12,53.1235,18.0076,34.12,78,100,14.97
452,Matara,LK,01/02/2022 19:12,5.9485,80.5353,72.46,85,0,9.71
453,Kokstad,ZA,01/02/2022 19:12,-30.5472,29.4241,65.12,94,100,0.72
454,Frome,GB,01/02/2022 19:12,51.2283,-2.3221,53.11,93,100,14.97
455,Namatanai,PG,01/02/2022 19:12,-3.6667,152.4333,78.03,85,100,7.36
456,Saurimo,AO,01/02/2022 19:12,-9.6608,20.3916,66.83,92,100,2.51
457,Nabire,ID,01/02/2022 19:12,-3.3667,135.4833,74.8,91,100,3.51
458,Sorgun,TR,01/02/2022 19:12,39.8101,35.186,24.84,96,56,5.3
459,Smoky Lake,CA,01/02/2022 19:12,54.1169,-112.4686,0.48,88,74,11.99
460,Fukue,JP,01/02/2022 19:12,32.6881,128.8419,44.96,55,6,12.46
461,Harper,LR,01/02/2022 19:12,4.375,-7.7169,80.15,78,35,7.38
462,Pacific Grove,US,01/02/2022 19:12,36.6177,-121.9166,58.41,54,0,1.99
463,Ayolas,PY,01/02/2022 19:12,-27.4,-56.9,104.9,12,3,5.53
464,Tura,IN,01/02/2022 19:12,25.5198,90.2201,53.1,72,3,4.59
465,Asmara,ER,01/02/2022 19:12,15.3333,38.9333,52.61,86,79,3.51
466,Hearst,CA,01/02/2022 19:12,49.6835,-83.6665,32.94,89,100,16.08
467,Ahuimanu,US,01/02/2022 19:12,21.4447,-157.8378,76.35,73,20,1.99
468,Yenagoa,NG,01/02/2022 19:12,4.9247,6.2642,81.23,58,95,8.57
469,Kieta,PG,01/02/2022 19:12,-6.2167,155.6333,79.12,87,100,5.5
470,Albury,AU,01/02/2022 19:08,-36.0833,146.9167,56.01,100,0,1.99
471,Port-Gentil,GA,01/02/2022 19:12,-0.7193,8.7815,80.11,83,75,11.5
472,Prainha,BR,01/02/2022 19:12,-1.8,-53.48,87.17,58,100,4.5
473,Harkany,HU,01/02/2022 19:12,45.85,18.2367,36.77,64,100,5.75
474,Rabo De Peixe,PT,01/02/2022 19:12,37.8,-25.5833,60.31,93,75,10.36
475,Monrovia,LR,01/02/2022 19:12,6.3005,-10.7969,83.97,78,30,10.25
476,Khandyga,RU,01/02/2022 19:12,62.6667,135.6,-27.15,100,100,0.85
477,Norfolk,US,01/02/2022 19:11,42.1668,-71.2495,36.46,71,100,6.91
478,Hotaka,JP,01/02/2022 19:13,36.3396,137.8825,31.75,70,74,3.62
479,Bowmore,US,01/02/2022 19:13,34.9421,-79.3031,55.69,42,0,3
480,Teshie,GH,01/02/2022 19:13,5.5836,-0.1072,81.81,65,4,10.25
481,Jumla,NP,01/02/2022 19:13,29.2747,82.1838,31.41,50,0,5.01
482,Ocean City,US,01/02/2022 19:10,39.2776,-74.5746,41,76,100,13
483,Novyy Urengoy,RU,01/02/2022 19:13,66.0833,76.6333,-13.65,100,99,4.12
484,Keningau,MY,01/02/2022 19:13,5.3378,116.1602,73.85,98,100,2.86
485,Mariental,NA,01/02/2022 19:11,-24.6333,17.9667,75,63,92,8.01
486,Taloqan,AF,01/02/2022 19:13,36.7361,69.5345,45.12,43,100,3.71
487,Winslow,US,01/02/2022 19:13,35.0242,-110.6974,53.78,18,100,1.99
488,Shangrao,CN,01/02/2022 19:13,28.4532,117.9686,38.32,95,100,6.15
489,Tomatlan,MX,01/02/2022 19:13,19.9333,-105.25,89.82,20,0,8.75
490,Andra,RU,01/02/2022 19:13,62.5147,65.8878,-9.22,100,90,5.53
491,Rehoboth,NA,01/02/2022 19:13,-23.3167,17.0833,68.43,81,100,13.33
492,Kiruna,SE,01/02/2022 19:13,67.8557,20.2251,2.32,85,100,1.14
493,Scarborough,GB,01/02/2022 19:13,54.2797,-0.4044,50.52,75,100,1.99
494,Akyab,MM,01/02/2022 19:13,20.15,92.9,65.52,76,71,8.03
495,Pandan,PH,01/02/2022 19:13,14.0453,124.1694,76.71,87,100,16.93
496,Haimen,CN,01/02/2022 19:13,23.1935,116.6142,56.19,85,99,21.85
497,Rosarito,MX,01/02/2022 19:14,32.3333,-117.0333,62.91,70,98,8.12
498,Aden,YE,01/02/2022 19:14,12.7794,45.0367,78.24,76,7,10
499,Qasigiannguit,GL,01/02/2022 19:14,68.8193,-51.1922,3.45,88,100,3.4
500,Fort-Shevchenko,KZ,01/02/2022 19:14,44.5086,50.263,37.09,91,1,9.42
501,Kamenka,RU,01/02/2022 19:14,51.3223,42.7678,29.75,95,100,10.47
502,Nangwa,TZ,01/02/2022 19:14,-4.4667,35.45,56.68,96,78,2.48
503,Peleduy,RU,01/02/2022 19:14,59.6289,112.7406,-3.77,99,100,3.58
504,Nagyoroszi,HU,01/02/2022 19:14,48.005,19.0905,35.29,84,22,6.62
505,Oxford,GB,01/02/2022 19:10,51.7522,-1.256,53.62,78,75,3
506,Beisfjord,NO,01/02/2022 19:14,68.3751,17.5988,23.05,67,98,10.87
507,Zykovo,RU,01/02/2022 19:14,55.9519,93.1461,-4.02,97,91,3.33
508,Nyzy,UA,01/02/2022 19:14,50.7828,34.7844,11.84,99,70,5.84
509,Karratha,AU,01/02/2022 19:14,-20.7377,116.8463,84.76,69,91,7.81
510,Never,FR,01/02/2022 19:14,46.9896,3.159,44.8,98,100,12.39
511,Bonavista,CA,01/02/2022 19:14,48.6499,-53.1147,28.11,53,98,19.75
512,Alcudia,ES,01/02/2022 19:14,39.8532,3.1214,55.26,64,0,8.19
513,Los Llanos De Aridane,ES,01/02/2022 19:14,28.6585,-17.9182,62.35,77,75,2.3
514,Carson City,US,01/02/2022 19:13,39.1638,-119.7674,37.38,34,0,1.99
515,Kuching,MY,01/02/2022 19:14,1.55,110.3333,75.42,100,40,3.44
516,Bulungu,CD,01/02/2022 19:14,-4.55,18.6,75.04,75,52,0.67
517,Ammon,US,01/02/2022 19:14,43.4696,-111.9666,16.83,87,100,1.99
518,Dobromir,RO,01/02/2022 19:14,44.0167,27.7833,41,95,100,4.76
519,Kalemie,CD,01/02/2022 19:14,-5.9475,29.1947,71.31,88,100,4.18
520,Avera,US,01/02/2022 19:14,33.194,-82.5271,62.44,47,0,9.22
521,Maragogi,BR,01/02/2022 19:14,-9.0122,-35.2225,83.26,67,16,9.17
522,Port Shepstone,ZA,01/02/2022 19:14,-30.7414,30.455,77.76,88,100,13.51
523,Talas,TR,01/02/2022 19:14,38.6908,35.5538,21.87,100,75,0
524,Dmitriyevka,RU,01/02/2022 19:14,54.75,55.3333,29.75,93,100,14.54
525,Kondratovo,RU,01/02/2022 19:14,57.9804,56.1066,30.29,74,75,13
526,Taoudenni,ML,01/02/2022 19:14,22.6783,-3.9836,75.56,16,6,9.35
527,La Ronge,CA,01/02/2022 19:14,55.1001,-105.2842,-7.56,85,100,12.41
528,Ajaccio,FR,01/02/2022 19:14,42,8.9167,44.65,66,0,5.75
529,Kaduna,NG,01/02/2022 19:14,10.5222,7.4383,72.54,15,0,6.04
530,Mangan,IN,01/02/2022 19:14,27.5167,88.5333,41.67,75,17,7.67
